{"mean": 39.677878237462366, "std": 13.008351289880524}