{
  "feature_mean": [
    0.5362037311076918,
    0.793222495124738,
    9.081092406798174,
    0.8145
  ],
  "feature_std": [
    0.2778276847275409,
    0.0842230389164716,
    10.66723969695125,
    0.8432613770356087
  ],
  "target_mean": 41.3690388905724,
  "target_std": 18.305454804180567,
  "feature_names": [
    "traffic_density",
    "weather_score",
    "historical_delay",
    "signal_status"
  ]
}